source,manufacturer,model_name,year,boat_type,length_loa,beam,draft,dry_weight,hull_material,max_hp,engine_make_type,number_of_engines,fuel_type,fuel_capacity,passenger_capacity,price,dealer_name,dealer_location,source_listing_url,description
boats.com,Horizon,Fd75,2026,"Motor Yacht, Flybridge, Pilothouse (Power)",75 ft,20 ft 4 in,5 ft 7 in,147709 lb,Fiberglass,1136 hp,CAT | Inboard | C18 ACERT,2,Diesel,2400 gal,,Request Price,,,https://www.boats.com/boats/horizon/fd75-9945702/,"Taking its place at the entrance of a series known for its unparalleled volume, innovative functionality and intelligent layout, the FD75 is a remarkable achievement in terms of design and naval architecture. Intended for owner/operators, the FD75 features a raised pilothouse design that accommodates both an open bridge and a lower helm area. The FD75 is a four-stateroom yacht, which includes a full-beam, on-deck master stateroom fitted with an en suite and walk-in closets, and three spacious staterooms comprised of a queen, double and twin on the lower deck. Accommodations for two crew members are found aft, and a beach club is optional. **Please note that this listing represents a model specification for a new build and not an actual hull for sale or vessel location. For more information on this model and build availability, please contact us**"
boats.com,Sylvan,L5 Slz,,,,,,,,,,,,,,,,,https://www.boats.com/boats/sylvan/l5-slz-10102610/,
boats.com,Sylvan,G5 Lz Dh,2026,"Pontoon, Dual Console",27 ft 8 in,8 ft 6 in,,4300 lb,Aluminum,,Outboard,1,Gas,60 gal,13,Request Price,,,https://www.boats.com/boats/sylvan/g5-lz-dh-10102416/,"The Sylvan G5 LZ DH pontoon boat is equipped with luxurious lounger units, ensuring maximum comfort for all passengers. Its spacious layout, along with versatile seating options, provides the perfect setting for relaxing, dining, or enjoying water activities with family and friends. Designed for both comfort and style, it promises an exceptional on-water experience. Standard Features 25” Diameter Tubes with Lifetime Warranty ¾” Marine-grade Plywood Deck with Lifetime Warranty All Aluminum Transom with Lifetime Warranty Automotive Inspired Upholstery Babbito Underdeck Lighting Backlit Exterior Badging Black Deck Trim Big Water Edition Bow Lounge Folding Arm Rests Built-in Simrad NSX® 12"" Ultra-wide w/ 3-in-1 Active Imaging TM (Integrated with Engine) C-Zone® Digital Wiring System Cell Phone Charger Change Room (N/A on all Models) Concealed Mood Lighting Console Storage Docking Lights Engine-house Dual Battery System Extended Rear Deck Fold-up Cleats Full “Heavy Hat” Understructure High-back Helm Chair with Recline, Swivel, Slide and Armrests High-end Galley or Storage Bench In-floor Storage Integrated MFD LED Dome Light Lighted Cupholders Painted Tubes Playpen Cover Premium Power Canopy Premium Sound Package Raised Helm Platform Rear-facing Speakers with Remote Touch Pad SeaStarTM Power Assist Steering SPX PR25 Performance Package Stainless Steel Rub Rail Table with Cupholders Underwater Lighting Vinyl Wrapped Rotocast Furniture Bases with Integrated Drains Wet Sounds™ MC-2 SiriusXM® Ready Wide-handle Stainless Steel 4-step Telescoping Ladder Windshield Woven Vinyl Sea Weave Flooring"
boats.com,Sylvan,X5 Clz,,,,,,,,,,,,,,,,,https://www.boats.com/boats/sylvan/x5-clz-10103671/,
boats.com,Fountaine Pajot,Helia 44,2018,Catamaran,44 ft,,,,Fiberglass,50 hp,Volvo | Inboard | D50,2,Diesel,,,"US$625,000",Private Seller,"Port Charlotte, Florida",https://www.boats.com/sailing-boats/2018-fountaine-pajot-helia-44-10124197/,"For Sale: 2018 Fountaine Pajot Helia 44 Evolution – Maestro Owner’s Edition ""Silent Off-Grid Paradise"" – Turnkey Discover the ultimate in luxury, performance, and independence aboard this pristine 2018 Fountaine Pajot Helia 44 Evolution Maestro (Owner’s Edition). Meticulously maintained by private owners only—no charter history, no hurricane damage, always lovingly cared for in SW Florida. This rare Maestro layout delivers expansive living with just 3 spacious cabins and 3 heads, featuring a dedicated Owner’s Suite in the port hull: massive walk-in shower, private desk/office area, and abundant storage for long-term liveaboard comfort. Why This Helia Stands Out – Premium Upgrades & Capabilities Performance & Sailing Twin Volvo Penta D2-50 upgraded engines (50HP each) – superior power and speed in strong Florida/Caribbean currents compared to standard 40HP models. paird with Bruntons Autoprops Only 2000 well-maintained engine hours – moderate for an active 8-year-old bluewater cruiser. New Parasailor spinnaker included ($15,000+ value) – easy-handling, high-stability downwind sail perfect for short-handed cruising and relaxed passages. CMCE Lightning Suppressor ($7,000 value) It actively neutralizes the electrical charges in the atmosphere that lead to lightning — eliminating the threat before it ever forms. New standing rigging 2025 New Starlink flat high perfomance plus Starlink gen 2 as backup Highfield Classic 360 with center console and Yamaha 25 Extreme Off-Grid / ""Silent Ship"" Autonomy Massive 3000W high-efficiency solar array integrated on custom arch/hardtop. Professional 800Ah 24V lithium (LiFePO4) house bank (4 x 200Ah) – ~19.2kWh capacity for true silent running. High-output 45 GPH (170 LPH) watermaker – endless freshwater independence. 19.2kW+ total energy system (8000 W inverter/charger + generator backup) – run full multi-zone A/C (soft start), induction cooking, and appliances without constant generator use. Engineered for silent, eco-friendly living. Comfort & Living Maestro Evolution refinements: integrated 3rd-row cockpit seating, larger portholes, upgraded finishes throughout. All new 2025 Full Raymarine/ navigation suite: chartplotter, radar, AIS, autopilot. New Bimini with excellent visibility + elevated ""Sky Lounge"" coachroof sunbathing area. New adjustable teak salon table. High-efficiency galley refrigeration/freezer, optimized for extended provisioning. This is a proven, ready-to-cruise catamaran built for Florida-to-Caribbean adventures—or wherever the wind takes you. Turn-key condition, recent maintenance, and all the extras that make extended off-grid cruising effortless and enjoyable. Serious inquiries only – contact for full spec sheet, photos, maintenance logs, or to schedule a viewing in Port Charlotte, FL. No brokers please (FSBO). Bring your offers—this beauty won't last long in today's market! Ready to step aboard your dream? Message or call today! More videos https://www.youtube.com/playlist?list=PLwr9OKQ9GFWSXDPf-NP70He826PzACnqe"
boats.com,Ocean Runner,29,2025,Center Console,29 ft,,,,Fiberglass,300 hp,Yamaha | Outboard | F300,2,Gas,,,"US$185,000",Private Seller,"Miami, Florida",https://www.boats.com/power-boats/2025-ocean-runner-29-10188735/,2025 Ocean Runner 29 offshore center console Twin Yamaha 300hp with warranty thru 10/2030 57hrs Dometic Tournament dual ram steering system dual Garmin xsv dual transducer 1kw auto pilot radar ect 4 agm óptimas batteries seadek windlass dual axle trailer. Custom fitted.custom powder coated lumitec lighting new condition .
boats.com,Cobalt,R4,2022,Bowrider,24 ft,8 ft 6 in,,,Fiberglass,350 hp,Volvo | Inboard | Penta V8 350 CE DP,,Gas,1 x 50 gal,,"US$129,900",Private Seller,"Grapevine, Texas",https://www.boats.com/power-boats/2022-cobalt-r4-10190598/,"Pristine, one-owner 2022 Cobalt R4 bowrider with just 79 hours - a meticulously kept, heavily optioned sterndrive that looks, runs, and presents like a brand-new boat. It was ordered with $35,865 in factory upgrades and finished with a Cobalt E2 R-Series rotating tower sunshade post-acquisition from Slalom Shop, for roughly $185,000 all in (see attached purchase build sheets from Slalom Shop). At 79 hours, this boat is essentially broken in with a full lifetime of seasons ahead of it. Power comes from a Volvo Penta V8-350 (350 HP) duoprop sterndrive with stainless FH5 props, trim tabs with indicators, and through-prop exhaust. The boat measures 24'3"" length overall with the swim platform and an 8'6"" beam, built on Cobalt's Kevlar-reinforced hull with a composite transom and fiberglass stringer system, with a 50-gallon fuel tank and certified capacity for 13. This R4 is genuinely loaded. The helm features upgraded dual oversized Garmin 8610 glass-cockpit displays, a premium sound system with transom and arch speakers, a six-speaker Bluetooth setup with app-based remote, a depth and water-temp package, and a wireless phone charger. Up top is a white folding arch (97"" bridge clearance) plus the aftermarket Cobalt rotating tower sunshade, roughly $6,000 installed by Slalom Shop. The interior is the Caramel/Carbon scheme with the Dark Driftwood trim package, a Del Mar helm captain's chair, a flip-backrest passenger seat, Varadense Comfort seating throughout, a three-position convertible sundeck lounger, a bow walk-thru door with center cushion insert, dual molded-in ice chests, and full aftermarket SeaDeck flooring color-matched to the upholstery. It also carries a powered windlass with all-chain anchor, stainless docking lights, a stainless ski pylon, the patented flip-down swim step, a bow shade sail for Texas summers, a flagpole, a dual battery switch with ACR, and a Transhield cover. Condition is the headline here. Zero seat tears, zero exterior damage - truly pristine inside and out. The boat has been ceramic coated twice (2023 and 2026), always dry-stored under cover, and never kept in a slip. Complete service records from Slalom Shop are available upon request (listing wouldn't allow me to attach as PDF's), with all work performed by the selling Cobalt dealer (Slalom Shop) and fully verifiable. Within the last 30 days it received four new trailer tires and two new batteries, and the trailer is included in the sale. The value is straightforward: a comparably equipped new R4 sterndrive today can run well over $200,000. This one delivers an essentially new boat - fully sorted, with the steep early-year depreciation already absorbed - at $129,900. Cobalt's reputation for best-in-class build quality and resale is exactly why a boat kept to this standard is worth a serious look. Why am I selling? Honestly, I don't want to and I don't need to - I love this boat. But the kids have aged out of it and we are shifting toward traveling more, which is exactly why the hours are so low. It has been a phenomenal boat and it deserves an owner who will get out and enjoy it. A note on process, so we both save time: serious, funded buyers only. I am glad to answer questions and show the boat. Before a sea trial, I ask that we agree on price, and that financed buyers provide lender pre-approval and cash buyers provide proof of funds - standard practice that respects everyone's time. The boat is exceptional and priced accordingly, and serious offers will be given full consideration. Happy to show the boat in it’s dry storage location (Grapevine) prior to an offer being extended and sea-trial completed. Located in the Dallas/Fort Worth, Texas area (Grapevine, Texas). Hull ID: FGER4096C222. Accommodations Premium open-bowrider seating in the Caramel/Carbon scheme with the Dark Driftwood trim package and Varadense Comfort upholstery throughout - pristine, with zero tears. Del Mar helm captain's chair, flip-backrest passenger seat, wrap-around bow lounge with walk-thru door and center cushion insert, and a three-position convertible sundeck lounger aft. Full aftermarket SeaDeck flooring color-matched to the upholstery, snap-in cockpit carpet, folding arch with bimini, bow shade sail, and a Cobalt rotating tower sunshade for all-day comfort and shade. Mechanical Equipment Volvo Penta V8-350-CE 350 HP duoprop sterndrive with stainless FH5 props, trim tabs with indicators, and through-prop exhaust. 50-gallon EPA fuel tank, dual battery switch with ACR, and a circuit-breaker-protected electrical system. Two new batteries installed within the last 30 days. Just 72 hours, with complete service records from the selling Cobalt dealer (Slalom Shop). Service Records attached to listing Galley Equipment Open bowrider with no enclosed galley, but rigged for full days on the water with dual molded-in ice chests and a built-in 3.5-gallon trash receptacle. Deck and Hull Equipment Cobalt Kevlar-reinforced hull with composite transom and fiberglass stringer system; 24'3"" length overall, 8'6"" beam, white hull sides and bottom. Swim platform with patented flip-down swim step and white extension, stainless tubular perimeter rail, and stainless bow scuff plate. Powered windlass with all-chain anchor and anchor locker, midship cleats, stainless ski pylon, stainless windshield braces and top trim, stainless docking lights, four fender clips with lines, flagpole, and Transhield cover. Ceramic coated in 2023 and again in 2026. Navigation Systems Upgraded dual oversized Garmin 8610 glass-cockpit displays with GPS/chartplotter navigation and depth and water-temperature readouts, illuminated switch panel, and full gauge package with hour meter. Additional Equipment Premium sound system with transom and arch speakers plus a six-speaker Bluetooth setup with app-based remote and iPod/USB/MP3 input. Wireless phone charger, LED storage-compartment lighting, LED transom model designator, manual fire extinguisher, and ignition safety switch. Trailer included, with four new tires fitted in the last 30 days. Powered trim tabs with indicator at helm. Tilt steering. Cobalt's signature rear swim-step platform."
boats.com,Tracker,Grizzly 2072 Cc Sportsman,2022,,,,,,,,,,,,,,,,https://www.boats.com/power-boats/2022-tracker-grizzly-2072-cc-sportsman-10169951/,
boats.com,Carver,355 Aft Cabin Motor Yacht,1998,Aft Cabin,40 ft,,,,Fiberglass,310 hp,Mercruiser | Inboard | 7.4,2,Gas,,,US$123,Private Seller,"Old Hickory, Tennessee",https://www.boats.com/power-boats/1998-carver-355-aft-cabin-motor-yacht-10188920/,"IMMACULATE 1998 Carver 355 Aft Cabin Motor Yacht – Turn-Key & Ready! Location: Nashville, TN (Currently slipped at a local marina) Price: 89500 price to sell , not your average Cruiser. Must see this one to really appreciate the condition and beauty of this one. Cost guard approved and ready to go for the big loop Description: Turn-key and ready for her next captain! This 1998 Carver 355 Aft Cabin Cruiser offers the absolute best in comfort, space, and performance. Whether you're looking for the ultimate weekend entertainer, a floating condo, or a dependable long-range cruiser, this vessel delivers. Powered by twin, meticulously maintained MerCruiser 7.4L V8 inboard engines, she’s got the muscle you need and the rock-solid reliability you want. With its wide 13'3"" beam, you get an incredibly spacious interior that feels like a much larger yacht. The two-stateroom, two-head layout ensures ultimate privacy for you and your guests. Key Specs & Highlights:Dimensions: 35' Length (41' 2"" LOA) | 13' 3"" Beam | 3.5' DraftPower: Twin MerCruiser 7.4L MPI V8 InboardsLayout: Two private staterooms (Forward and Aft) and two full heads, each with its own shower.Galley & Salon: Open-concept living! Features a full-service galley with a full-size upright refrigerator/freezer, 3-burner stove, oven, microwave, and deep stainless steel sink.Entertaining Space: The enclosed aft deck is an entertainer's dream, featuring a factory fiberglass hardtop, full canvas/isinglass enclosure, wing doors, and a wet bar.Command Bridge: Fully equipped helm with fantastic visibility, a sliding pilot seat, and plenty of companion seating for the whole crew.Comfort: Fully climate-controlled with multi-zone AC/Heat, plus an onboard generator to power all your systems when away from the dock.This Carver is a true classic—solidly built with a fiberglass hull and heavy-duty stainless hardware. From the molded swim platform steps to the spacious bow sun pads, every inch of this boat was designed for easy living on the water. Don't miss out on this incredible opportunity to own one of Carver's most popular layouts. Serious inquiries only. Call or text today to schedule a showing! (¡Se habla español!) Price to sell must see to appreciate Call now to arrange a viewing Ronaldo 615 949 8760"
boats.com,Fountain,38 SC,2023,Sport Fishing,38 ft,10 ft 6 in,,,Fiberglass,400 hp,Mercury | Outboard,,Gas,1 x 418 gal,,"US$399,999",Private Seller,"Rock Hill, South Carolina",https://www.boats.com/power-boats/2023-fountain-38-sc-10148272/,
boats.com,Crownline,264CR,2021,Sports Cruiser,26 ft,,,,Fiberglass,350 hp,Volvo Penta | Inboard | Catalyst Volvo DP 350 HP,1,Gas,,,"US$79,900",Private Seller,"Oxnard, California",https://www.boats.com/power-boats/2021-crownline-264cr-10132976/,"Get a gently used boat for a fraction of cost of new. This turnkey boat is ready for summer cruising. As part of our Carefree boat club, this boat was used about once a week by members so it is well maintained by boat club staff. In addition to routine oil changes, the boat has been washed weekly. Many of the clubs members are doctors that treat the boats with care because they know they will be using the boat on future outings. This boat performs great while getting excellent fuel economy. The Volvo Penta Gen V is closed cooling system which circulates coolant. (Beware of older engine models that use seawater for cooling). The Gen V is aluminum block which is lighter and does not rust like iron blocks. Here is a link to an article about the this engine model. https://www.boats.com/reviews/volvo-penta-introduces-next-generation-v8-and-v6-gasoline-engines/ The trailer is not included with this offer however the 264 is fully trailerable and is the only single engine cruiser offering delivers crisp acceleration, tracks true and is dry riding in big water. An integrated swim platform creates a seamless look. Included options are an aluminum radar arch and power windlass Boat is loaded with options like Microwave, Refrigerator/freezer, Hot water, Air Conditioning, Marine battery charger, and much more. Accommodations Cabin Aft Cabin Lined Privacy Curtain Aft Cabin Storage Compartment Aft Cabin Vent Window Backrest Bolster with Side Shelf Storage Carbon Monoxide Detector Color Coordinated Cabin Fabrics with Scotchgard Protectant Forward Deck Hatch with Screen and Shade Forward Mirrored Bulkhead Lined Privacy Drapes and/or Window Drapes Lockable Fiberglass Cabin Entry Door with Integrated Steps to Fore Deck Removable Dinette Table with Dedicated Storage Stainless Steel Cabin Port Lights - Fixed (3) Storage Under Forward V-berth V-Berth Filler Cushions V-Berth Seating with Storage Underneath - Converts to Bed Vinyl ""Ultra Soft-Touch"" Vinyl Headliner Galley Base Cabinet with Storage Dual Voltage Stainless Steel Refrigerator - Power Vent Solid Surface Countertop with Stainless Steel Sink and Faucet Stainless Steel Handrails Stainless Steel Microwave Oven Trash Receptacle Upper Storage Cabinet Head Enclosed Fiberglass Head with Shower, Stainless Steel Handrails and Wood Flooring Exhaust Fan - Electric Frosted Portlight Lighting - 12 Volt Open Upper Storage Compartment with Stainless Steel Rail Porta-Pottie Toilet Shower Curtain Vanity Solid Surface Countertop with Stainless Steel Sink, Faucet/Pull-Out Shower Wand Cockpit Cockpit Drainage System (CDS) with Self Bailing Fiberglass Liner Cockpit Lighting Cockpit Table Diamond Pattern Non-Skid (UL Approved) Fiberglass Molded Deck Toe Rail Hand-stitched Diamond Pattern Upholstery Ice Chest - Portable Insulated Engine Compartment Molded Steps for Deck Access Premium Sound System: AM/FM CD Player with Remote Control Display, MP3 Jack, and (4) Coaxial Speakers (Compatible For Sirius Satellite) Premium Vinyl Cockpit Upholstery with Nano-Block Technology Seating - Transom Bench Seat with Armrests and Storage Underneath Sirius Satellite Tuner & Antenna (N/A International) Stainless Steel Drink Holders Stainless Steel Cockpit Grab Handles Stainless Steel Gas Assist Struts Stainless Steel Speaker Covers Stainless Steel Transom Gate Storage Under Helm Seat Transom Shower With Hot And Cold Water Transom Storage Compartment Wet Bar with Sink, Faucet and Ice Chest Wraparound Walk-Thru Windshield Galley Equipment Microwave, refrigerator/freezer, electric range top. Navigation Systems Garmin 7"" Chart plotter sounder"
boats.com,Epic,21 Sport Console,2018,,,,,,,,,,,,,,,,https://www.boats.com/power-boats/2018-epic-21-sport-console-10140410/,
boats.com,Hanover,347,2026,Express Cruiser,35 ft 3 in,9 ft 8 in,2 ft 9 in,12500 lb,Fiberglass,380 hp,MerCruiser | Inboard/Outboard,1,,185 gal,12,Request Price,,,https://www.boats.com/boats/hanover/347-9945676/,"Experience a unique design and functionality with the Hanover 347. Our innovative approach ensures optimal space utilization for its category, delivering intuitive features designed to enhance performance while prioritizing your comfort."
boats.com,Princess,F65,2026,Flybridge,66 ft 7 in,16 ft 9 in,5 ft 4 in,,Fiberglass,1200 hp,MAN | Inboard | V8,2,Diesel,1083 gal,,Request Price,,,https://www.boats.com/boats/princess/f65-9993426/,"The F65 is the flagship of the F Class range. With a 65ft (20.3m) hull, contemporary lines and elongated windows, this luxury flybridge yacht is the perfect place to spend time with friends and family. Superior style meets exceptional practicality in the stunning F Class. A beautifully considered layout makes clever use of space to ensure life on board is effortless, while geometric design elements add to the contemporary style. It’s perfect for families. And ideal for entertaining. The F65 offers accommodation for eight guests across four cabins, all bathed in light thanks to the elongated hull windows. The expansive main deck is segmented into an aft galley with dinette and a saloon with a generous U-shaped sofa and companion seating opposite the helmsman area, with a side access door to the deck. Large panoramic saloon windows and signature wraparound front screens provide uninterrupted vistas wherever you sit. The foredeck is designed around outdoor relaxation, with split sunpads and the ability to include an integrated cool box. The contemporary flybridge forms the perfect outdoor entertaining area, with ergonomic dining seating, wetbar with barbecue, coolbox and sink, and an aft sunbed and L-shaped companion seat with infill as a secondary sunbed."
boats.com,Ocean Yachts,52 Open,,,,,,,,,,,,,,,,,https://www.boats.com/boats/ocean-yachts/52-open-10127478/,
boats.com,Ocean Yachts,48 Ph,2026,"Sport Fishing, Express Cruiser",48 ft,13 ft 12 in,2 ft 6 in,,Fiberglass,,Inboard,2,Diesel,,,Request Price,,,https://www.boats.com/boats/ocean-yachts/48-ph-10127488/,"The Ocean Yachts 48 was created in response to numerous requests from our superyacht customers to create a boat that combined the benefits of our existing models with inboard diesel power. The 48 is available as a fully open boat or with an enclosed pilothouse. We invite you to explore what makes the boat so unique. The enclosed pilothouse version of the 48 features an air-conditioned upper salon with a full glass enclosure surrounding the helm and passenger seating area. This climate-controlled haven offers panoramic views and allows you to operate the boat in any type of weather conditions that you might encounter during your outings on the water. Gone are the days of hesitating to enjoy a lunch or dinner cruise aboard your center console boat out of fear that it might storm on your way home. The lower cabin of the 48 can be reached from the upper salon without ever having to venture outside and includes a restroom and shower along with a two-person bed that is oriented fore and aft so that you don’t have to resist the running angle of the boat while underway. If you require additional accommodations, the seating area in the upper salon can be used as a single bed since that is a climate-controlled area. The large cockpit and forward sun pad provide ample outdoor space when the weather is nice and we offer the option of additional seating in both of those areas. There is also a refrigerator, freezer, grill, and sink option available for the cockpit area which, combined with the diesel generator, enables the boat to be completely self-sufficient so that you could easily spend a few nights aboard the boat on a remote island. While the Ocean Yachts 48 is an ideal boat for standalone use, it was designed specifically to serve as the ultimate multipurpose superyacht tender. You can fish and dive from the 48 in the morning and then ferry guests to shore later that evening while keeping them sheltered from the elements. The boat can also be used to provide accommodations for extra crew. If you have additional cargo needs, our 48 SUV model features a removable mezzanine seat and removable carbon fiber davits that allow you to transport waverunners, provisions, or other large items in the boat’s cockpit. In addition to the focus on comfort, the 48 continues our longstanding obsession with safety. The 48 was designed with high gunnel walls, wide passageways, and a single level deck from bow to cockpit in order to allow safe and easy access to all areas of the boat. The helm was designed so that the captain can see over the bow even when the sun pad is occupied which is unique compared to almost any other center console boat with a sun pad integrated into the front of the console. We have also incorporated many redundant systems as an added measure of protection. Finally, our industry pioneering “Navigator Station” puts a third Garmin screen across the aisle from the helm so that another person can watch the FLIR or radar feed, enter a waypoint, or change the radio without ever distracting the captain. Literally no expense is spared in the construction of our boats. We use only the finest components available and our attention to detail goes far beyond what you will find with almost any other center console manufacturer. Our goal is to make your boating experience as enjoyable as possible so we offer our Global Maintenance Service. Ocean Yachts will fly our technicians anywhere in the world if your boat ever needs repairs (travel charges apply). Every one of our boats is built for a specific customer and the Ocean Yachts 48 is HIGHLY customizable so we can create just about any layout imaginable for you. We can tailor the boat toward more of a fishing-oriented setup with large livewells, a tackle prep station, and a tower or, if you prefer more of a cruising configuration, we can eliminate the tower and include our optional transom sofa. We also offer a completely open version of the boat or our Euro Version which replaces a portion of the upper salon with a large rear-facing sunpad. A RIB option is available on any of the configurations if desired."
boats.com,Sylvan,Mirage 8522 Lz,2026,Pontoon,22 ft 10 in,8 ft 6 in,,2061 lb,Aluminum,,Outboard,1,Gas,38 gal,10,Request Price,,,https://www.boats.com/boats/sylvan/mirage-8522-lz-10104106/,"The Sylvan Mirage 8522 LZ pontoon is designed to optimize seating capacity and enhance family outings on the water. With four wrap-around couches, this pontoon provides ample seating for everyone onboard, ensuring comfort and enjoyment throughout the journey. The inclusion of a power bimini top allows passengers to easily adjust for shade or sunshine, catering to varying weather conditions. Additionally, the pontoon features a full fiberglass console equipped with a spacious storage area, offering convenient storage for all essentials. Family-friendly amenities such as a changing room and a four-step ladder further enhance the pontoon's appeal, providing added convenience and versatility for all members of the family. Whether you're cruising, fishing, or simply enjoying a day on the water, the Sylvan Mirage 8522 LZ pontoon ensures a memorable and comfortable experience for everyone aboard. Standard Features 25” Diameter Tubes with Lifetime Warranty ¾” Marine-grade Plywood Deck with Lifetime Warranty All Aluminum Transom with Lifetime Warranty Change Room (N/A on All Models) Console Storage Deck Cleats Docking Lights Gauge Package (Speedometer, Tachometer, Fuel Gauge, Volt Meter) Low Back Helm Chair with Swivel, Slide and Armrests Playpen Cover Power Canopy Rotary Tilt Steering Rotocast Furniture Bases with Integrated Drains Stainless Steel 4-Step Telescoping Ladder Table with Cupholders USB Charging Port Wet SoundsTM MC-5 Stereo Wet SoundsTM Speakers Windscreen Woven Vinyl Sea Weave Flooring"
boats.com,Sylvan,Mirage 822 Lz,2026,Pontoon,22 ft 10 in,8 ft,,2027 lb,Aluminum,,Outboard,1,Gas,21 gal,9,Request Price,,,https://www.boats.com/boats/sylvan/mirage-822-lz-10104081/,"The Sylvan Mirage 822 LZ sets a new standard for comfort and spaciousness on the water, featuring wrap-around front and rear couches that maximize seating space within the cockpit. Whether you're out for a leisurely cruise or hosting a social gathering, this pontoon offers an ideal environment for relaxation and enjoyment. The wrap around rear couches allow for easy conversation and fosters camaraderie, while the wrap-around front couches provide a cozy spot to admire the surrounding scenery. With the full fiberglass console, you'll find ample storage for all your essentials, ensuring the cockpit remains clutter-free and organized throughout your journey. Plus, the bimini top provides essential shade on sunny days, allowing you to stay comfortable while basking in the sun's warmth. From tranquil days of cruising to lively get-togethers with friends and family, the Sylvan Mirage 822 LZ guarantees unforgettable moments on the water. Standard Features 25” Diameter Tubes with Lifetime Warranty ¾” Marine-grade Plywood Deck with Lifetime Warranty All Aluminum Transom with Lifetime Warranty Change Room (N/A on All Models) Console Storage Deck Cleats Docking Lights Gauge Package (Speedometer, Tachometer, Fuel Gauge, Volt Meter) Low Back Helm Chair with Swivel, Slide and Armrests Playpen Cover Power Canopy Rotary Tilt Steering Rotocast Furniture Bases with Integrated Drains Stainless Steel 4-Step Telescoping Ladder Table with Cupholders USB Charging Port Wet SoundsTM MC-5 Stereo Wet SoundsTM Speakers Windscreen Woven Vinyl Sea Weave Flooring"
boats.com,Formula,430 All Sport Crossover,2026,"Cruiser (Power), Motor Yacht, High Performance",43 ft,12 ft,3 ft 7 in,26600 lb,Fiberglass,,Outboard,4,Gas,500 gal,,Request Price,,,https://www.boats.com/boats/formula/430-all-sport-crossover-9837521/,"The Formula 430 All Sport Crossover is the latest of the revolutionary 430 Super Sport Crossover. True to the Formula Crossover mission of providing a platform where boaters truly can have the best of all worlds, the 430 ASC is an unprecedented fusion of dayboat versatility, overnight capabilities and sporting accommodations, where playing hard no longer means hard work or compromise for anyone aboard. At 43’ in length with a 12’ beam, the 430 ASC retains all of the SSC’s comfort amenities forward with a generous shot of offshore adventure aft."
boats.com,Ocean Alexander,30 Revolution Skylounge,2026,"Motor Yacht, Flybridge",97 ft 3 in,21 ft 11 in,5 ft 11 in,251856 lb,Fiberglass,1900 hp,MAN | Inboard | 12V,2,Diesel,3600 gal,,Request Price,,,https://www.boats.com/boats/ocean-alexander/30-revolution-skylounge-10020475/,"Evan Marshall and his team took their extensive knowledge of Ocean Alexander and masterfully revolutionized our legacy. Powerful engines. Unwavering safety. Luxurious spaces. Breathtaking views. They transformed everything without sacrificing anything. Prepare to blow everyone away at the dock with her sleek new design. The new full-width main deck expands living space without compromising the incredible performance and efficiency we’re known for. Picture it: making your way from the massive on-deck master to grab a martini from the new wet-bar island in the salon. You take a deep breath, marveling at the near 360° view of the sunset coming through the massive floor-to-ceiling windows. Then, you sit back and gaze at the stars over the endless sea from the newly designed beach house."
boats.com,Ocean Yachts,70 Ph,2026,"Sport Fishing, Express Cruiser",70 ft,17 ft 4 in,,,Fiberglass,,Outboard,,Diesel,,,Request Price,,,https://www.boats.com/boats/ocean-yachts/70-ph-10145030/,"The Ocean Yachts 70 is the new flagship of our fleet and will be the largest and most luxurious yacht we’ve ever built. The design combines the comforts of a convertible sportfishing yacht with the benefits of a center console boat in order to provide an unmatchable fishing and cruising experience. The 70 incorporates all of the popular features of our acclaimed 52 foot model and introduces even more amenities. The result is an extremely unique yacht that can be used for a wide variety of activities while allowing passengers to enjoy numerous indoor and outdoor spaces throughout the vessel. The most distinguishing feature of the Ocean Yachts 70 is the air-conditioned pilothouse with full 360 degree walkaround capability. The pilothouse includes a spacious salon with a massive u-shaped sofa, a table that can be lowered with the touch of a button to create and additional bed, and two individual chairs. The pop-up television helps create the perfect spot to relax and escape the elements while still being able to observe what is happening in the cockpit. As you move forward you will find the centrally located helm and, in front of that, a large passenger seating area offering panoramic views of the world outside. The entire upper salon was designed specifically to be on a single level in order to create a harmonious space where everyone can be together. The lower deck can be reached without ever having to venture outside so that passengers can remain in the climate-controlled haven until they chose to exit. A center stair leads to that lower level which features a private master stateroom with an ensuite head and separate shower, two private guest staterooms, an additional restroom with an enclosed shower serving the two guest staterooms, and a galley with a sink, cooktop, refrigerator, wine refrigerator, coffee bar and a microwave. There is also an outdoor galley in the cockpit complete with a grill, sink, refrigerators, and freezers. Alternately, the Ocean Yachts 70 is offered with the optional Galley Up configuration. Choosing this option creates room for either a lounge seating area or an additional rod storage room on the lower level. The 70 provides numerous areas for outdoor enjoyment. The large cockpit with shaded mezzanine seating and the dining area in the bow offer ample open-air space and we also offer the option of even more seating in those areas if desired. The switchable glass on the rear window allows you to make the glass opaque which transforms it into a massive video screen viewable from the cockpit for displaying movies, television, or any of the feeds from the Garmin displays. The standing height mechanical room is accessible from the cockpit provides easy access to all of the boat’s major systems. The space also includes a significant amount of rod storage in addition to the rod storage found inside of the pilothouse. The recommend power for the Ocean Yachts 70 is either five or six Mercury V12 600 horsepower outboard motors. The option of two inboard diesel inboard motors is available. Ocean Yachts collaborated with renowned superyacht designers Setzer Yacht Architects to create the 70 with the goal of making it an excellent standalone boat or the ultimate multipurpose yacht tender. You can fish and dive from the 70 in the morning and then ferry guests to shore in their evening wear later that day while keeping them sheltered from the elements. The boat can also be used to provide accommodations for extra crew. Every one of our boats is built for a specific customer and the Ocean Yachts 70 is HIGHLY customizable so we can create just about any layout imaginable for you. We can tailor the boat toward more of a fishing-oriented layout with larger livewells and a flybridge or, if you prefer more of a cruising configuration, we can eliminate the flybridge and include our transom sofa option. The 70 is also available in a completely open configuration which would, in that case, make it the world’s largest center console boat. In addition to the focus on comfort, the 70 remains true to our longstanding obsession with safety. The boat is built using our foam filled construction techniques to provide extra buoyancy and was designed with high gunnel walls and wide passageways to allow safe and easy access to all areas of the boat. The protected ladder with spiral lower treads leading up to the flybridge provides safer and easier access to that area. The helm was designed so that the captain can see over the bow from the lower helm station even when the sunpad is occupied which is fairly unique compared to almost any other boat with a sunpad integrated into the front of the console. We have incorporated many redundant systems as an added measure of protection. Finally, our industry pioneering “Navigator Station” puts two additional Garmin screens at the seating area across the aisle from the helm so a another person can watch the FLIR or radar, enter a waypoint, operate equipment via the digital switching system, or change the music source or video feeds without distracting the captain. The standard equipment list on the 70 includes just about every option that most users would ever want such as the air-conditioned solid glass enclosure, two Seakeeper gyro stabilizers, choice of either two large livewells or our integrated transom bench with slightly reduced capacity livewells underneath, electric bow thruster, five air conditioners, two side dive doors, two heavy duty dive ladders, electric anchor windlass, multiple freezers and refrigerators, outdoor grill, a galley, LED underwater and courtesy lights, two diesel generators, battery charger, two heads with separate showers, fresh and salt water washdowns, quadruple Garmin chartplotters, Garmin open array radar, Fusion marine stereo and much more."
boats.com,Neptunus,750F,,,,,,,,,,,,,,,,,https://www.boats.com/boats/neptunus/750f-9585363/,
boats.com,Ocean Alexander,32L,2026,"Mega Yacht, Motor Yacht",106 ft 7 in,23 ft 2 in,6 ft 3 in,248579 lb,Fiberglass,1900 hp,MAN | Inboard | V12,2,Diesel,4000 gal,,Request Price,,,https://www.boats.com/boats/ocean-alexander/32l-10020477/,"They think of brilliant ways to use space, innovative solutions for crew access, but most of all, they consider the way you and your guests will enjoy every moment on an exceptional yacht like the 32L. Ocean Alexander’s 32L motoryacht comes with a magnificent open flybridge or a spacious skylounge. This five-stateroom yacht is a luxurious entertaining spot where sunsets and sunrises can fill the huge windows and immerse you and your guests in the wonders of nature. An on-deck master provides the owner with an oasis uniquely their own. Our use of inventive aluminum-beam engineering to bring you the most impressive window views of any yachts this size. We’ve scaled living space upward in the 32L using strategies usually found only in megayachts. With increased spaces in the galley and crew area, the Ocean Alexander 32L is perfect for private ownership or charter. The 32L motoryacht is full of possibilities. Come see them for yourself."
boats.com,Sylvan,R 22 Clz Dh,2026,Pontoon,22 ft,8 ft 6 in,,2585 lb,Aluminum,,Outboard,1,Gas,31 gal,10,Request Price,,,https://www.boats.com/boats/sylvan/r-22-clz-dh-10103732/,"The Sylvan R-22 CLZ pontoon is the epitome of family-friendly boating, offering an array of features designed to enhance your time on the water. With its power bimini top, you can easily adjust for shade or sunshine, ensuring comfort for everyone aboard this spacious pontoon. Wrap-around bow couches maximize seating capacity, providing ample space for family gatherings and leisurely cruises, and the swingback stern seating allows for forward or rear facing cruising. Additionally, the convenient four-step telescoping ladder makes boarding and disembarking from this pontoon a breeze, perfect for swimming adventures or simply enjoying the water. Whether you're seeking relaxation or excitement, the Sylvan R-22 CLZ pontoon is your ideal companion for unforgettable moments on the water with your loved ones. Standard Features 25"" Diameter Tubes with Lifetime Warranty 3/4"" Marine-grade Plywood with Lifetime Warranty All-aluminum Transom with Lifetime Warranty Bimini Top Console Storage Deck Cleats Docking Lights Gauge Package (Speedometer, Tachometer, Fuel Gauge, Volt Meter) Low-back Helm Chair with Recline, Swivel, Slide and Armrests Rotary Tilt Steering Rotocast Furniture Bases with Integrated Drains 4-step Ladder Table with Cupholders USB Charging Ports Wet Sounds RND Stereo with Bluetooth Wet Sounds Scout-B Speakers Windscreen Woven Vinyl Sea Weave Flooring Black Powder Coated Rails and Deck Trim High-performance Polyethylene Corners Rotocast Console Trim Gauge Selva Steering Wheel"
